{
  "vehicles": [
    {
      "vehicle_idx": 2,
      "bbox_2d": {
        "x1": 1748,
        "y1": 275,
        "x2": 1919,
        "y2": 402
      },
      "corners": [
        [
          1751,
          375
        ],
        [
          1875,
          399
        ],
        [
          1919,
          377
        ],
        [
          1842,
          346
        ],
        [
          1763,
          290
        ],
        [
          1881,
          292
        ],
        [
          1917,
          283
        ],
        [
          1842,
          276
        ]
      ],
      "params": {
        "depth_ratio": 0.20100000500679016,
        "side_offset_ratio": 0.39500001072883606,
        "height_ratio": 0.7559999823570251,
        "shrink_ratio": 0.6209999918937683,
        "front_inset": 0.017999999225139618
      }
    },
    {
      "vehicle_idx": 0,
      "bbox_2d": {
        "x1": 1165,
        "y1": 278,
        "x2": 1461,
        "y2": 423
      },
      "corners": [
        [
          1170,
          423
        ],
        [
          1327,
          423
        ],
        [
          1454,
          396
        ],
        [
          1328,
          387
        ],
        [
          1170,
          299
        ],
        [
          1327,
          299
        ],
        [
          1454,
          279
        ],
        [
          1328,
          279
        ]
      ],
      "params": {
        "depth_ratio": 0.2150000035762787,
        "side_offset_ratio": 0.48100000619888306,
        "height_ratio": 0.8500000238418579,
        "shrink_ratio": 0.7940000295639038,
        "front_inset": 0.017000000923871994
      }
    }
  ]
}