{
    "transformation_matrix": [
        [
            -0.009734952972745311,
            -0.0004620063905148717,
            9.430652837253707
        ],
        [
            0.0014916610945782097,
            0.023603870450668696,
            -14.607248374762374
        ],
        [
            -9.576720099587114e-05,
            -0.0025619570117739092,
            1.0
        ]
    ],
    "image_points": [
        [
            939,
            549
        ],
        [
            929,
            494
        ],
        [
            945,
            819
        ],
        [
            1625,
            453
        ],
        [
            1800,
            617
        ],
        [
            1412,
            500
        ],
        [
            172,
            529
        ]
    ],
    "real_world_points": [
        [
            0.0,
            0.0
        ],
        [
            -0.2587,
            4.8672
        ],
        [
            -0.1187,
            -4.3256
        ],
        [
            20.7026,
            4.9524
        ],
        [
            11.3906,
            -4.247
        ],
        [
            10.8631,
            1.5942
        ],
        [
            -20.268,
            4.8034
        ]
    ]
}